NB_EMPRESA,NB_RAZONSOCIAL,NB_SUCURSAL
ACP Combustibles,ACP COMBUSTIBLES,Ciudad Obregon
ACP Combustibles,ACP COMBUSTIBLES,Corporativo
ACP Combustibles,ACP COMBUSTIBLES,Culiacan
ACP Combustibles,ACP COMBUSTIBLES,Ensenada
ACP Combustibles,ACP COMBUSTIBLES,EQUIPO DE COMPUTO
ACP Combustibles,ACP COMBUSTIBLES,Gomez Palacio
ACP Combustibles,ACP COMBUSTIBLES,GPMEXICALI
ACP Combustibles,ACP COMBUSTIBLES,Guadalajara
ACP Combustibles,ACP COMBUSTIBLES,Hermosillo
ACP Combustibles,ACP COMBUSTIBLES,La Paz
ACP Combustibles,ACP COMBUSTIBLES,Los Mochis
ACP Combustibles,ACP COMBUSTIBLES,Manzanillo
ACP Combustibles,ACP COMBUSTIBLES,Mazatlan
ACP Combustibles,ACP COMBUSTIBLES,MERIDA
ACP Combustibles,ACP COMBUSTIBLES,Mexicali
ACP Combustibles,ACP COMBUSTIBLES,Monterrey
ACP Combustibles,ACP COMBUSTIBLES,Salamanca
ACP Combustibles,ACP COMBUSTIBLES,Silao
ACP Combustibles,ACP COMBUSTIBLES,Tijuana
ACP Combustibles,ACP COMBUSTIBLES,Villahermosa